campaign_id,spend,impressions,clicks,acquisitions,revenue,contribution_profit,net_contribution,ctr,cpc,conversion_rate,cpa,roas,roi
Affiliate_Prospecting,1585903.2,3929781,106148,4774,9390571.24,5164814.24,3578911.04,0.027011174414044957,14.94049063571617,0.0449749406489053,332.1958944281525,5.921276430995285,2.2567020736196257
Affiliate_Retention,1601778.85,3980988,107100,5797,11253035.9,6189169.73,4587390.880000001,0.02690286933796334,14.955918300653595,0.05412698412698413,276.3116870795239,7.025336799771079,2.8639352305095054
Display_Prospecting,603189.75,3951907,35603,610,1196725.03,658198.79,55009.04000000004,0.009009068280199914,16.94210459792714,0.01713338763587338,988.8356557377049,1.983994306932437,0.09119690777238844
Display_Retention,611372.61,4036092,36320,745,1472288.39,809758.7,198386.08999999997,0.0089988037933724,16.832946310572687,0.020512114537444934,820.6343758389262,2.4081687107310876,0.3244929307513465
Email_Prospecting,1118961.42,4016223,280934,20888,40773359.5,22425347.82,21306386.4,0.06994980109421214,3.9830046203022773,0.07435198302804218,53.56958157793948,36.43857488848901,19.04121627356911
Email_Retention,1151764.25,4086976,286869,25767,50236395.07,27630017.33,26478253.08,0.07019101653643182,4.0149484607956945,0.08982148646246196,44.6991985873404,43.616907774312324,22.989299311903455
Search_Prospecting,3765813.83,3848673,134302,7461,14835663.62,8159615.12,4393801.29,0.03489566403796841,28.039893895846674,0.05555390090988965,504.7331229057767,3.939563740993537,1.1667600918019891
Search_Retention,3972979.6,4048110,141887,9391,18341417.42,10087779.64,6114800.040000001,0.03505018391298655,28.00101207298766,0.0661864723336176,423.06246406133533,4.616539541255133,1.5390967625406384
Social_Prospecting,1740431.63,3945669,87253,2213,4368034.03,2402418.8,661987.1699999999,0.022113613686297558,19.946954603280115,0.02536302476705672,786.4580343425214,2.509741810426647,0.38035804371126025
Social_Retention,1794266.59,4047622,89488,2890,5619978.3,3090988.11,1296721.5199999998,0.02210878387359294,20.05035971303415,0.03229483282674772,620.853491349481,3.1321868953709937,0.7227028175339316
