month,spend,impressions,clicks,acquisitions,revenue,contribution_profit,net_contribution,ctr,cpc,conversion_rate,cpa,roas,roi
2025-01,1450873.21,3303139,108177,6654,12529827.48,6891405.21,5440532.0,0.03274975712496507,13.412030376142802,0.061510302559693836,218.0452675082657,8.636059576839248,3.749832833428636
2025-02,1390418.54,3052294,98893,6067,11384759.36,6261617.66,4871199.12,0.03239956570369696,14.059827692556603,0.0613491349236043,229.17727707268833,8.188008885439631,3.503404895622292
2025-03,1520339.36,3400627,111016,6748,12737623.76,7005693.08,5485353.72,0.03264574444653883,13.694776969085538,0.060784031130647835,225.30221695317132,8.37814510044652,3.6079798131385608
2025-04,1493865.19,3273877,103678,6256,11886242.4,6537433.35,5043568.16,0.03166826365193317,14.408699917050868,0.0603406701518162,238.78919277493605,7.956703509504764,3.3761869503097532
2025-05,1505654.28,3397470,111333,7041,13523402.12,7437871.18,5932216.899999999,0.03276938427712386,13.523881328986015,0.06324270431947401,213.84097145291864,8.981744547626166,3.939959510492674
2025-06,1488948.77,3246663,106387,6521,12365471.16,6801009.2700000005,5312060.5,0.032768106822297235,13.995589404720501,0.061295083045860864,228.33135562030364,8.30483318777986,3.567658341932073
2025-07,1558398.36,3463250,113961,7003,13178659.08,7248262.54,5689864.18,0.03290579657835848,13.674839287124543,0.06145084721966287,222.53296587176925,8.456540649850274,3.6510973869351346
2025-08,1542387.29,3457133,114123,6975,13221630.76,7271896.97,5729509.68,0.03301087924589537,13.515130955197463,0.06111826713283037,221.130794265233,8.572186016911484,3.7147023430152872
2025-09,1462494.88,3256225,107494,6799,12873160.18,7080238.08,5617743.2,0.033011846540088596,13.605362903976035,0.06325004186280164,215.10440947198117,8.802191622031525,3.8412053791258405
2025-10,1466881.9,3223165,104792,6276,13452066.04,7398636.4,5931754.5,0.03251214256794176,13.998033246812733,0.05989006794411787,233.7287922243467,9.170517435657226,4.043784642785489
2025-11,1514012.41,3315393,109110,6837,14622923.47,8042607.89,6528595.4799999995,0.03291012558692137,13.8760187883787,0.06266153423150948,221.44396811467016,9.658390759161612,4.312114905319699
2025-12,1552187.54,3502805,116940,7359,15711702.69,8641436.65,7089249.11,0.03338467314052595,13.273367025825209,0.0629297075423294,210.9237043076505,10.122296620162277,4.567263250934227
